Platform,Year,Cost_per_base,Cost_per_TB,Throughput_bases_per_s,Throughput_TB_per_day
Chemical,2025,1e-07,444444.44444444444,1000,1.944e-05
Chemical,2028,5e-08,222222.22222222222,5000,9.72e-05
Chemical,2030,3e-08,133333.3333333333,10000,0.0001944
Enzymatic,2025,5e-07,2222222.222222222,500,9.72e-06
Enzymatic,2028,1e-07,444444.44444444444,10000,0.0001944
Enzymatic,2030,5e-09,22222.222222222223,1000000,0.01944
